id,price
1,633150
2,668850
3,527000
4,376000
5,982800
6,355000
7,166000
8,443000
9,355000
10,522000
11,1249500
12,351000
13,1764000
14,461000
15,564900
16,1417500
17,506000
18,429000
19,476000
20,436000
21,514000
22,1323000
23,597450
24,783300
25,294000
26,179000
27,691950
28,252000
29,616350
30,192000
31,867300
32,788550
33,464000
34,190000
35,233000
36,198000
37,259000
38,582750
39,664650
40,816900
41,674100
42,394000
43,866250
44,242000
45,271000
46,601650
47,418000
48,962850
49,1043700
50,2446500
51,354000
52,848400
53,787500
54,282000
55,463000
56,453000
57,639450
58,620550
59,464000
60,221000
61,241000
62,261000
63,401000
64,816900
65,268000
66,444000
67,853650
68,307000
69,942900
70,591150
71,449000
72,422000
73,691950
74,1123500
75,457000
76,2656500
77,300000
78,621600
79,464000
80,1711500
81,223000
82,416000
83,494000
84,817950
85,380000
86,476000
87,414000
88,327000
89,375000
90,246000
91,469000
92,269000
93,660450
94,429000
95,910350
96,668850
97,890400
98,460000
99,618450
100,281000
101,589050
102,413000
103,282000
104,589050
105,296000
106,850500
107,711900
108,436000
109,616350
110,388000
111,687750
112,464000
113,295000
114,426000
115,234000
116,372000
117,268000
118,1010100
119,214000
120,259000
121,1249500
122,360000
123,340000
124,652050
125,300000
126,288000
127,694050
128,709800
129,823200
130,223000
131,707700
132,534000
133,389000
134,383000
135,423000
136,703500
137,1375500
138,261000
139,594300
140,796950
141,696150
142,303000
143,799050
144,584850
145,593250
146,891450
147,1995000
148,322000
149,459000
150,1176000
151,1365000
152,1186500
153,341000
154,903000
155,472000
156,272000
157,179000
158,401000
159,187000
160,484000
161,742350
162,484000
163,647850
164,478000
165,567000
166,376000
167,529000
168,610050
169,294000
170,445000
171,694050
172,670950
173,196000
174,288000
175,395000
176,321000
177,357000
178,394000
179,362000
180,252000
181,590100
182,374000
183,397000
184,1050000
185,385000
186,448000
187,656250
188,489000
189,696150
190,582750
191,243000
192,770700
193,431000
194,250000
195,354000
196,169000
197,308000
198,1218000
199,206000
200,506000
201,282000
202,460000
203,904050
204,1323000
205,819000
206,185000
207,746550
208,696150
209,225000
210,435000
211,326000
212,532000
213,279000
214,225000
215,775950
216,295000
217,315000
218,807450
219,503000
220,613200
221,441000
222,911400
223,263000
224,228000
225,202000
226,974400
227,409000
228,295000
229,2142000
230,593250
231,826350
232,505000
233,214000
234,516000
235,521000
236,896700
237,239000
238,502000
239,577500
240,179000
241,409000
242,392000
243,1144500
244,305000
245,1020600
246,200000
247,684600
248,3885000
249,205000
250,234000
251,264000
252,356000
253,352000
254,350000
255,341000
256,366000
257,469000
258,1102500
259,312000
260,295000
261,288000
262,760200
263,731850
264,496000
265,1113000
266,793800
267,366000
268,386000
269,445000
270,477000
271,445000
272,450000
273,412000
274,518000
275,378000
276,465000
277,816900
278,368000
279,233000
280,501000
281,448000
282,364000
283,427000
284,435000
285,1123500
286,756000
287,274000
288,905100
289,394000
290,709800
291,706650
292,244000
293,461000
294,753900
295,217000
296,646800
297,294000
298,497000
299,226000
300,676200
301,1743000
302,294000
303,781200
304,947100
305,484000
306,463000
307,445000
308,841050
309,248000
310,152000
311,851550
312,430000
313,521000
314,607950
315,500000
316,567000
317,645750
318,1459500
319,442000
320,675150
321,514000
322,462000
323,494000
324,400000
325,1033200
326,487000
327,423000
328,698250
329,1010100
330,337000
331,364000
332,828450
333,295000
334,420000
335,315000
336,378000
337,913500
338,882000
339,516000
340,413000
341,238000
342,966000
343,477000
344,371000
345,652050
346,414000
347,335000
348,656250
349,1417500
350,216000
351,145000
352,759150
353,411000
354,481000
355,919800
356,178000
357,246000
358,882000
359,374000
360,564900
361,579600
362,674100
363,662550
364,606900
365,906150
366,293000
367,191000
368,312000
369,518000
370,300000
371,573300
372,223000
373,466000
374,356000
375,192000
376,890400
377,293000
378,416000
379,455000
380,1218000
381,595350
382,642600
383,254000
384,394000
385,441000
386,323000
387,654150
388,330000
389,297000
390,459000
391,821100
392,333000
393,458000
394,372000
395,591150
396,1585500
397,1522500
398,715050
399,488000
400,783300
401,198000
402,687750
403,504000
404,645750
405,291000
406,466000
407,374000
408,974400
409,1155000
410,401000
411,373000
412,662550
413,766500
414,1312500
415,337000
416,678300
417,1144500
418,1092000
419,472000
420,527000
421,216000
422,281000
423,498000
424,410000
425,225000
426,426000
427,1239000
428,449000
429,527000
430,429000
431,226000
432,523000
433,779100
434,381000
435,190000
436,229000
437,1034250
438,169000
439,777000
440,490000
441,301000
442,479000
443,343000
444,326000
445,1459500
446,502000
447,655200
448,362000
449,502000
450,343000
451,262000
452,258000
453,296000
454,364000
455,1249500
456,480000
457,279000
458,350000
459,462000
460,443000
461,948150
462,355000
463,465000
464,309000
465,423000
466,709800
467,532000
468,426000
469,2310000
470,500000
471,573300
472,458000
473,454000
474,777000
475,370000
476,362000
477,853650
478,945000
479,415000
480,1722000
481,251000
482,672000
483,763350
484,2341500
485,761250
486,350000
487,563850
488,361000
489,1092000
490,482000
491,514000
492,950250
493,604800
494,641550
495,773850
496,287000
497,1186500
498,391000
499,234000
500,280000
501,793800
502,442000
503,630000
504,1197000
505,324000
506,522000
507,802200
508,589050
509,1291500
510,210000
511,533000
512,524000
513,227000
514,605850
515,350000
516,1060500
517,630000
518,328000
519,585900
520,411000
521,677250
522,689850
523,220000
524,377000
525,363000
526,610050
527,317000
528,260000
529,459000
530,390000
531,670950
532,659400
533,480000
534,778050
535,231000
536,607950
537,619500
538,412000
539,314000
540,992250
541,521000
542,619500
543,417000
544,242000
545,1092000
546,676200
547,915600
548,230000
549,628950
550,315000
551,1050000
552,888300
553,942900
554,449000
555,411000
556,279000
557,359000
558,1155000
559,225000
560,221000
561,220000
562,361000
563,591150
564,438000
565,293000
566,1260000
567,198000
568,475000
569,180000
570,1239000
571,220000
572,1197000
573,714000
574,638400
575,432000
576,924000
577,789600
578,281000
579,326000
580,743400
581,307000
582,605850
583,1501500
584,686700
585,1050000
586,500000
587,668850
588,448000
589,1848000
590,632100
591,278000
592,1015350
593,504000
594,417000
595,428000
596,1407000
597,294000
598,568050
599,261000
600,350000
601,207000
602,229000
603,536000
604,1333500
605,237000
606,704550
607,404000
608,159000
609,531000
610,368000
611,822150
612,719250
613,1218000
614,320000
615,447000
616,351000
617,1596000
618,197000
619,676200
620,487000
621,332000
622,376000
623,458000
624,513000
625,412000
626,250000
627,794850
628,527000
629,641550
630,277000
631,364000
632,467000
633,396000
634,321000
635,1270500
636,572250
637,293000
638,446000
639,491000
640,1333500
641,1165500
642,437000
643,482000
644,1617000
645,512000
646,926100
647,1701000
648,246000
649,318000
650,393000
651,599550
652,203000
653,426000
654,874650
655,985950
656,259000
657,303000
658,407000
659,434000
660,370000
661,311000
662,267000
663,341000
664,1218000
665,647850
666,434000
667,1480500
668,338000
669,694050
670,339000
671,648900
672,639450
673,182000
674,414000
675,352000
676,740250
677,326000
678,299000
679,270000
680,244000
681,437000
682,467000
683,336000
684,429000
685,305000
686,604800
687,631050
688,1014300
689,426000
690,482000
691,739200
692,865200
693,438000
694,339000
695,313000
696,592200
697,716100
698,247000
699,762300
700,256000
701,570150
702,509000
703,329000
704,528000
705,677250
706,226000
707,246000
708,270000
709,506000
710,468000
711,259000
712,309000
713,720300
714,2709000
715,395000
716,412000
717,509000
718,401000
719,277000
720,219000
721,580650
722,300000
723,646800
724,377000
725,438000
726,933450
727,727650
728,497000
729,483000
730,730800
731,416000
732,349000
733,482000
734,385000
735,304000
736,579600
737,461000
738,366000
739,522000
740,649950
741,615300
742,271000
743,428000
744,200000
745,164000
746,254000
747,419000
748,279000
749,349000
750,490000
751,449000
752,535000
753,745500
754,353000
755,200000
756,190000
757,606900
758,570150
759,448000
760,564900
761,370000
762,389000
763,171000
764,621600
765,709800
766,241000
767,219000
768,1428000
769,853650
770,330000
771,346000
772,492000
773,800100
774,1470000
775,477000
776,862050
777,300000
778,321000
779,676200
780,496000
781,1003800
782,445000
783,349000
784,963900
785,208000
786,451000
787,796950
788,737100
789,254000
790,475000
791,498000
792,364000
793,246000
794,338000
795,506000
796,224000
797,292000
798,642600
799,344000
800,595350
801,529000
802,229000
803,431000
804,423000
805,349000
806,796950
807,281000
808,529000
809,469000
810,893550
811,530000
812,372000
813,398000
814,302000
815,952350
816,667800
817,295000
818,808500
819,301000
820,593250
821,928200
822,512000
823,345000
824,341000
825,611100
826,599550
827,266000
828,1165500
829,246000
830,571200
831,472000
832,310000
833,590100
834,332000
835,260000
836,1354500
837,657300
838,633150
839,569100
840,435000
841,337000
842,194000
843,622650
844,373000
845,580650
846,1060500
847,404000
848,343000
849,1249500
850,716100
851,1701000
852,690900
853,232000
854,455000
855,403000
856,379000
857,317000
858,319000
859,266000
860,634200
861,787500
862,463000
863,1333500
864,195000
865,1102500
866,328000
867,465000
868,1491000
869,747600
870,649950
871,305000
872,228000
873,226000
874,301000
875,315000
876,444000
877,463000
878,379000
879,226000
880,802200
881,721350
882,399000
883,764400
884,295000
885,788550
886,476000
887,630000
888,439000
889,512000
890,456000
891,239000
892,756000
893,181000
894,353000
895,1596000
896,392000
897,830550
898,830550
899,496000
900,673050
901,897750
902,501000
903,369000
904,1396500
905,423000
906,283000
907,783300
908,733950
909,736050
910,958650
911,939750
912,406000
913,858900
914,639450
915,283000
916,357000
917,667800
918,437000
919,667800
920,293000
921,421000
922,286000
923,1291500
924,401000
925,662550
926,592200
927,641550
928,331000
929,577500
930,471000
931,668850
932,395000
933,237000
934,410000
935,909300
936,615300
937,479000
938,443000
939,416000
940,309000
941,722400
942,295000
943,536000
944,325000
945,719250
946,964950
947,476000
948,870450
949,223000
950,792750
951,400000
952,428000
953,358000
954,419000
955,437000
956,504000
957,404000
958,1009050
959,567000
960,530000
961,410000
962,343000
963,262000
964,231000
965,527000
966,268000
967,530000
968,488000
969,455000
970,4315500
971,394000
972,373000
973,245000
974,691950
975,393000
976,630000
977,264000
978,328000
979,898800
980,406000
981,411000
982,331000
983,620550
984,408000
985,185000
986,685650
987,588000
988,212000
989,850500
990,3370500
991,1037400
992,326000
993,420000
994,427000
995,360000
996,833700
997,304000
998,184000
999,648900
1000,429000
1001,399000
1002,892500
1003,342000
1004,469000
1005,569100
1006,654150
1007,696150
1008,349000
1009,594300
1010,402000
1011,454000
1012,660450
1013,363000
1014,563850
1015,416000
1016,345000
1017,331000
1018,699300
1019,748650
1020,799050
1021,450000
1022,1165500
1023,738150
1024,1144500
1025,1081500
1026,213000
1027,417000
1028,269000
1029,637350
1030,486000
1031,281000
1032,726600
1033,309000
1034,275000
1035,363000
1036,698250
1037,646800
1038,223000
1039,193000
1040,1102500
1041,616350
1042,363000
1043,1123500
1044,363000
1045,804300
1046,254000
1047,699300
1048,501000
1049,322000
1050,253000
1051,2929500
1052,497000
1053,628950
1054,416000
1055,1470000
1056,524000
1057,530000
1058,300000
1059,591150
1060,777000
1061,426000
1062,427000
1063,283000
1064,284000
1065,486000
1066,632100
1067,505000
1068,602700
1069,309000
1070,286000
1071,306000
1072,246000
1073,735000
1074,841050
1075,445000
1076,391000
1077,726600
1078,627900
1079,450000
1080,411000
1081,1186500
1082,515000
1083,905100
1084,525000
1085,224000
1086,345000
1087,736050
1088,482000
1089,596400
1090,519000
1091,388000
1092,317000
1093,221000
1094,175000
1095,1428000
1096,261000
1097,462000
1098,338000
1099,491000
1100,682500
1101,582750
1102,696150
1103,782250
1104,354000
1105,230000
1106,246000
1107,660450
1108,461000
1109,978600
1110,534000
1111,701400
1112,523000
1113,288000
1114,245000
1115,484000
1116,310000
1117,495000
1118,441000
1119,383000
1120,205000
1121,244000
1122,525000
1123,281000
1124,459000
1125,366000
1126,833700
1127,663600
1128,448000
1129,1344000
1130,317000
1131,443000
1132,701400
1133,381000
1134,410000
1135,433000
1136,448000
1137,287000
1138,397000
1139,522000
1140,851550
1141,642600
1142,1186500
1143,233000
1144,356000
1145,1092000
1146,452000
1147,396000
1148,1281000
1149,350000
1150,837900
1151,596400
1152,371000
1153,370000
1154,618450
1155,1480500
1156,611100
1157,645750
1158,308000
1159,742350
1160,456000
1161,408000
1162,332000
1163,342000
1164,244000
1165,244000
1166,365000
1167,1270500
1168,382000
1169,506000
1170,2835000
1171,570150
1172,1176000
1173,251000
1174,245000
1175,234000
1176,342000
1177,259000
1178,280000
1179,243000
1180,814800
1181,267000
1182,393000
1183,406000
1184,472000
1185,419000
1186,225000
1187,404000
1188,664650
1189,408000
1190,321000
1191,656250
1192,202000
1193,681450
1194,964950
1195,625800
1196,433000
1197,267000
1198,254000
1199,313000
1200,800100
1201,423000
1202,1022700
1203,352000
1204,875700
1205,534000
1206,244000
1207,321000
1208,300000
1209,1617000
1210,738150
1211,516000
1212,536000
1213,212000
1214,267000
1215,821100
1216,708750
1217,979650
1218,493000
1219,463000
1220,527000
1221,577500
1222,250000
1223,611100
1224,246000
1225,343000
1226,1249500
1227,504000
1228,248000
1229,795900
1230,575400
1231,386000
1232,1281000
1233,459000
1234,387000
1235,455000
1236,327000
1237,329000
1238,621600
1239,536000
1240,522000
1241,418000
1242,625800
1243,291000
1244,251000
1245,309000
1246,840000
1247,804300
1248,238000
1249,240000
1250,1596000
1251,900900
1252,769650
1253,654150
1254,393000
1255,626850
1256,774900
1257,1009050
1258,1806000
1259,518000
1260,363000
1261,349000
1262,1785000
1263,275000
1264,464000
1265,387000
1266,255000
1267,392000
1268,387000
1269,768600
1270,269000
1271,897750
1272,343000
1273,372000
1274,361000
1275,577500
1276,990150
1277,337000
1278,396000
1279,753900
1280,786450
1281,355000
1282,660450
1283,670950
1284,288000
1285,631050
1286,321000
1287,436000
1288,884100
1289,292000
1290,310000
1291,286000
1292,203000
1293,265000
1294,1102500
1295,744450
1296,255000
1297,482000
1298,520000
1299,396000
1300,373000
1301,370000
1302,455000
1303,496000
1304,628950
1305,308000
1306,222000
1307,613200
1308,866250
1309,442000
1310,991200
1311,1144500
1312,416000
1313,196000
1314,418000
1315,1197000
1316,485000
1317,435000
1318,614250
1319,260000
1320,920850
1321,409000
1322,418000
1323,263000
1324,493000
1325,433000
1326,853650
1327,410000
1328,614250
1329,773850
1330,1470000
1331,264000
1332,535000
1333,448000
1334,421000
1335,429000
1336,815850
1337,1932000
1338,442000
1339,959700
1340,278000
1341,296000
1342,266000
1343,299000
1344,638400
1345,288000
1346,207000
1347,613200
1348,455000
1349,222000
1350,697200
1351,403000
1352,461000
1353,237000
1354,682500
1355,621600
1356,371000
1357,407000
1358,187000
1359,199000
1360,530000
1361,777000
1362,332000
1363,440000
1364,570150
1365,929250
1366,364000
1367,501000
1368,213000
1369,375000
1370,269000
1371,607950
1372,666750
1373,381000
1374,632100
1375,689850
1376,529000
1377,263000
1378,842100
1379,621600
1380,336000
1381,303000
1382,639450
1383,281000
1384,1606500
1385,474000
1386,343000
1387,492000
1388,403000
1389,643650
1390,271000
1391,442000
1392,454000
1393,449000
1394,371000
1395,402000
1396,236000
1397,280000
1398,616350
1399,187000
1400,446000
1401,469000
1402,254000
1403,609000
1404,476000
1405,327000
1406,373000
1407,922950
1408,263000
1409,397000
1410,1113000
1411,374000
1412,449000
1413,302000
1414,455000
1415,361000
1416,248000
1417,682500
1418,402000
1419,580650
1420,849450
1421,442000
1422,390000
1423,374000
1424,298000
1425,241000
1426,499000
1427,479000
1428,801150
1429,502000
1430,224000
1431,445000
1432,522000
1433,332000
1434,283000
1435,360000
1436,430000
1437,340000
1438,286000
1439,472000
1440,313000
1441,207000
1442,564900
1443,433000
1444,287000
1445,202000
1446,361000
1447,366000
1448,473000
1449,259000
1450,1333500
1451,312000
1452,854700
1453,531000
1454,1428000
1455,337000
1456,275000
1457,1134000
1458,600600
1459,453000
1460,281000
1461,758100
1462,350000
1463,496000
1464,203000
1465,899850
1466,214000
1467,456000
1468,1785000
1469,413000
1470,228000
1471,810600
1472,191000
1473,326000
1474,633150
1475,514000
1476,602700
1477,1543500
1478,581700
1479,933450
1480,433000
1481,857850
1482,496000
1483,593250
1484,277000
1485,607950
1486,582750
1487,297000
1488,346000
1489,485000
1490,334000
1491,324000
1492,427000
1493,672000
1494,334000
1495,365000
1496,408000
1497,634200
1498,399000
1499,761250
1500,476000
1501,714000
1502,730800
1503,423000
1504,193000
1505,246000
1506,330000
1507,357000
1508,1113000
1509,477000
1510,1081500
1511,410000
1512,471000
1513,2352000
1514,1165500
1515,654150
1516,621600
1517,593250
1518,369000
1519,287000
1520,454000
1521,407000
1522,1722000
1523,591150
1524,278000
1525,279000
1526,373000
1527,448000
1528,327000
1529,1407000
1530,920850
1531,276000
1532,615300
1533,360000
1534,370000
1535,428000
1536,359000
1537,593250
1538,366000
1539,605850
1540,508000
1541,367000
1542,388000
1543,351000
1544,231000
1545,449000
1546,483000
1547,329000
1548,281000
1549,432000
1550,450000
1551,725550
1552,414000
1553,240000
1554,712950
1555,970200
1556,444000
1557,215000
1558,318000
1559,508000
1560,615300
1561,919800
1562,355000
1563,227000
1564,393000
1565,502000
1566,213000
1567,660450
1568,291000
1569,461000
1570,858900
1571,315000
1572,276000
1573,239000
1574,515000
1575,467000
1576,530000
1577,292000
1578,290000
1579,268000
1580,290000
1581,297000
1582,639450
1583,342000
1584,316000
1585,473000
1586,177000
1587,288000
1588,388000
1589,718200
1590,735000
1591,391000
1592,594300
1593,636300
1594,717150
1595,323000
1596,883050
1597,345000
1598,390000
1599,500000
1600,210000
1601,311000
1602,230000
1603,420000
1604,736050
1605,635250
1606,219000
1607,1407000
1608,1659000
1609,248000
1610,1648500
1611,447000
1612,293000
1613,1011150
1614,574350
1615,445000
1616,474000
1617,583800
1618,595350
1619,516000
1620,940800
1621,396000
1622,350000
1623,590100
1624,471000
1625,274000
1626,431000
1627,251000
1628,504000
1629,333000
1630,395000
1631,848400
1632,528000
1633,268000
1634,593250
1635,291000
1636,624750
1637,346000
1638,398000
1639,606900
1640,935550
1641,402000
1642,665700
1643,919800
1644,359000
1645,576450
1646,524000
1647,733950
1648,565950
1649,264000
1650,1837500
1651,729750
1652,229000
1653,951300
1654,569100
1655,809550
1656,475000
1657,819000
1658,413000
1659,304000
1660,386000
1661,762300
1662,392000
1663,657300
1664,358000
1665,314000
1666,446000
1667,219000
1668,833700
1669,440000
1670,476000
1671,1123500
1672,314000
1673,600600
1674,718200
1675,697200
1676,743400
1677,988050
1678,344000
1679,354000
1680,355000
1681,365000
1682,744450
1683,359000
1684,314000
1685,352000
1686,395000
1687,340000
1688,256000
1689,456000
1690,676200
1691,381000
1692,322000
1693,228000
1694,405000
1695,756000
1696,251000
1697,998550
1698,300000
1699,804300
1700,230000
1701,761250
1702,305000
1703,267000
1704,443000
1705,646800
1706,1047900
1707,938700
1708,386000
1709,252000
1710,513000
1711,283000
1712,288000
1713,385000
1714,379000
1715,320000
1716,813750
1717,265000
1718,482000
1719,231000
1720,516000
1721,726600
1722,1900500
1723,444000
1724,1428000
1725,497000
1726,380000
1727,1134000
1728,730800
1729,410000
1730,289000
1731,310000
1732,480000
1733,264000
1734,639450
1735,425000
1736,202000
1737,503000
1738,769650
1739,173000
1740,288000
1741,1648500
1742,380000
1743,867300
1744,846300
1745,420000
1746,271000
1747,670950
1748,235000
1749,884100
1750,283000
1751,376000
1752,367000
1753,505000
1754,206000
1755,518000
1756,450000
1757,444000
1758,424000
1759,202000
1760,258000
1761,588000
1762,596400
1763,489000
1764,408000
1765,219000
1766,353000
1767,177000
1768,267000
1769,664650
1770,334000
1771,1176000
1772,883050
1773,262000
1774,463000
1775,305000
1776,494000
1777,419000
1778,283000
1779,372000
1780,531000
1781,261000
1782,237000
1783,878850
1784,573300
1785,434000
1786,522000
1787,249000
1788,426000
1789,575400
1790,242000
1791,313000
1792,238000
1793,473000
1794,400000
1795,601650
1796,1034250
1797,393000
1798,580650
1799,750750
1800,703500
1801,717150
1802,284000
1803,405000
1804,618450
1805,333000
1806,605850
1807,355000
1808,578550
1809,630000
1810,563850
1811,482000
1812,240000
1813,520000
1814,799050
1815,528000
1816,346000
1817,321000
1818,350000
1819,827400
1820,284000
1821,604800
1822,165000
1823,243000
1824,495000
1825,2184000
1826,167000
1827,350000
1828,420000
1829,467000
1830,304000
1831,253000
1832,607950
1833,1869000
1834,884100
1835,458000
1836,593250
1837,1459500
1838,461000
1839,133000
1840,380000
1841,1144500
1842,321000
1843,667800
1844,523000
1845,457000
1846,821100
1847,991200
1848,709800
1849,480000
1850,275000
1851,447000
1852,511000
1853,707700
1854,284000
1855,240000
1856,294000
1857,370000
1858,625800
1859,197000
1860,329000
1861,1743000
1862,1743000
1863,280000
1864,469000
1865,355000
1866,716100
1867,579600
1868,471000
1869,522000
1870,232000
1871,507000
1872,516000
1873,298000
1874,476000
1875,293000
1876,440000
1877,281000
1878,622650
1879,1071000
1880,824250
1881,377000
1882,522000
1883,738150
1884,302000
1885,534000
1886,304000
1887,519000
1888,393000
1889,485000
1890,711900
1891,206000
1892,1375500
1893,687750
1894,1302000
1895,583800
1896,263000
1897,1249500
1898,326000
1899,361000
1900,343000
1901,273000
1902,339000
1903,307000
1904,975450
1905,389000
1906,601650
1907,481000
1908,468000
1909,875700
1910,322000
1911,317000
1912,615300
1913,435000
1914,1984500
1915,709800
1916,477000
1917,698250
1918,674100
1919,260000
1920,259000
1921,496000
1922,728700
1923,429000
1924,473000
1925,263000
1926,804300
1927,308000
1928,522000
1929,214000
1930,3013500
1931,782250
1932,433000
1933,274000
1934,191000
1935,750750
1936,468000
1937,866250
1938,215000
1939,583800
1940,315000
1941,486000
1942,312000
1943,1239000
1944,305000
1945,880950
1946,1365000
1947,476000
1948,265000
1949,643650
1950,262000
1951,263000
1952,809550
1953,403000
1954,398000
1955,419000
1956,462000
1957,799050
1958,317000
1959,725550
1960,564900
1961,509000
1962,261000
1963,260000
1964,344000
1965,322000
1966,466000
1967,474000
1968,463000
1969,438000
1970,633150
1971,879900
1972,339000
1973,425000
1974,583800
1975,374000
1976,401000
1977,648900
1978,377000
1979,349000
1980,329000
1981,481000
1982,287000
1983,303000
1984,433000
1985,352000
1986,406000
1987,600600
1988,529000
1989,359000
1990,486000
1991,1249500
1992,491000
1993,593250
1994,480000
1995,484000
1996,896700
1997,360000
1998,300000
1999,319000
2000,480000
2001,676200
2002,507000
2003,209000
2004,399000
2005,449000
2006,361000
2007,469000
2008,1690500
2009,577500
2010,662550
2011,328000
2012,358000
2013,271000
2014,691950
2015,764400
2016,1470000
2017,405000
2018,688800
2019,596400
2020,995400
2021,723450
2022,636300
2023,536000
2024,280000
2025,711900
2026,722400
2027,624750
2028,186000
2029,520000
2030,285000
2031,451000
2032,404000
2033,477000
2034,376000
2035,712950
2036,206000
2037,536000
2038,486000
2039,588000
2040,362000
2041,511000
2042,643650
2043,563850
2044,397000
2045,405000
2046,422000
2047,997500
2048,470000
2049,342000
2050,2247000
2051,616350
2052,593250
2053,266000
2054,1333500
2055,842100
2056,627900
2057,385000
2058,339000
2059,339000
2060,509000
2061,533000
2062,375000
2063,676200
2064,282000
2065,1019550
2066,342000
2067,907200
2068,334000
2069,691950
2070,380000
2071,401000
2072,2467500
2073,825300
2074,408000
2075,644700
2076,707700
2077,745500
2078,218000
2079,287000
2080,283000
2081,602700
2082,820050
2083,432000
2084,240000
2085,323000
2086,930300
2087,530000
2088,365000
2089,1827000
2090,417000
2091,1417500
2092,1102500
2093,702450
2094,401000
2095,217000
2096,325000
2097,196000
2098,835800
2099,338000
2100,896700
2101,366000
2102,592200
2103,647850
2104,492000
2105,563850
2106,464000
2107,389000
2108,643650
2109,420000
2110,395000
2111,2110500
2112,335000
2113,737100
2114,270000
2115,265000
2116,461000
2117,1669500
2118,637350
2119,406000
2120,452000
2121,682500
2122,579600
2123,631050
2124,1123500
2125,464000
2126,1333500
2127,514000
2128,325000
2129,838950
2130,618450
2131,564900
2132,402000
2133,405000
2134,792750
2135,503000
2136,441000
2137,567000
2138,500000
2139,1060500
2140,355000
2141,771750
2142,241000
2143,306000
2144,639450
2145,732900
2146,905100
2147,198000
2148,563850
2149,267000
2150,236000
2151,582750
2152,324000
2153,840000
2154,717150
2155,372000
2156,424000
2157,298000
2158,709800
2159,468000
2160,480000
2161,383000
2162,715050
2163,501000
2164,801150
2165,247000
2166,949200
2167,576450
2168,1722000
2169,371000
2170,698250
2171,320000
2172,513000
2173,702450
2174,509000
2175,288000
2176,257000
2177,284000
2178,491000
2179,375000
2180,271000
2181,495000
2182,773850
2183,322000
2184,652050
2185,359000
2186,168000
2187,2562000
2188,227000
2189,590100
2190,325000
2191,450000
2192,653100
2193,255000
2194,518000
2195,272000
2196,1113000
2197,1354500
2198,301000
2199,586950
2200,779100
2201,1449000
2202,216000
2203,394000
2204,883050
2205,619500
2206,611100
2207,375000
2208,254000
2209,475000
2210,764400
2211,269000
2212,488000
2213,579600
2214,921900
2215,740250
2216,454000
2217,299000
2218,1165500
2219,465000
2220,532000
2221,1155000
2222,672000
2223,406000
2224,1071000
2225,280000
2226,189000
2227,300000
2228,259000
2229,221000
2230,400000
2231,528000
2232,465000
2233,501000
2234,508000
2235,290000
2236,152000
2237,278000
2238,169000
2239,585900
2240,596400
2241,1041600
2242,175000
2243,740250
2244,259000
2245,567000
2246,222000
2247,453000
2248,2383500
2249,767550
2250,316000
2251,827400
2252,389000
2253,249000
2254,295000
2255,606900
2256,574350
2257,308000
2258,741300
2259,365000
2260,784350
2261,766500
2262,256000
2263,248000
2264,213000
2265,275000
2266,358000
2267,415000
2268,324000
2269,317000
2270,889350
2271,752850
2272,720300
2273,1071000
2274,483000
2275,858900
2276,440000
2277,783300
2278,668850
2279,389000
2280,731850
2281,489000
2282,471000
2283,369000
2284,455000
2285,337000
2286,387000
2287,723450
2288,196000
2289,313000
2290,1680000
2291,333000
2292,177000
2293,691950
2294,631050
2295,861000
2296,325000
2297,483000
2298,213000
2299,218000
2300,411000
2301,283000
2302,451000
2303,304000
2304,253000
2305,710850
2306,899850
2307,345000
2308,1071000
2309,277000
2310,292000
2311,346000
2312,597450
2313,376000
2314,927150
2315,396000
2316,582750
2317,471000
2318,327000
2319,648900
2320,471000
2321,218000
2322,362000
2323,521000
2324,253000
2325,1144500
2326,1113000
2327,890400
2328,288000
2329,306000
2330,977550
2331,846300
2332,1134000
2333,239000
2334,378000
2335,333000
2336,467000
2337,279000
2338,369000
2339,252000
2340,913500
2341,225000
2342,1207500
2343,597450
2344,221000
2345,516000
2346,891450
2347,324000
2348,240000
2349,511000
2350,270000
2351,408000
2352,742350
2353,282000
2354,933450
2355,568050
2356,509000
2357,1016400
2358,296000
2359,295000
2360,427000
2361,717150
2362,513000
2363,279000
2364,332000
2365,626850
2366,241000
2367,890400
2368,456000
2369,664650
2370,1281000
2371,371000
2372,302000
2373,324000
2374,298000
2375,1011150
2376,820050
2377,230000
2378,730800
2379,475000
2380,500000
2381,530000
2382,330000
2383,774900
2384,1501500
2385,248000
2386,564900
2387,531000
2388,572250
2389,267000
2390,225000
2391,607950
2392,422000
2393,315000
2394,513000
2395,654150
2396,1302000
2397,360000
2398,1008000
2399,318000
2400,532000
2401,330000
2402,440000
2403,225000
2404,680400
2405,375000
2406,717150
2407,876750
2408,482000
2409,989100
2410,1575000
2411,460000
2412,203000
2413,491000
2414,666750
2415,665700
2416,488000
2417,347000
2418,338000
2419,390000
2420,285000
2421,217000
2422,341000
2423,399000
2424,404000
2425,466000
2426,278000
2427,707700
2428,867300
2429,497000
2430,279000
2431,222000
2432,326000
2433,767550
2434,380000
2435,285000
2436,528000
2437,680400
2438,341000
2439,409000
2440,187000
2441,1417500
2442,345000
2443,447000
2444,228000
2445,250000
2446,264000
2447,311000
2448,590100
2449,422000
2450,492000
2451,444000
2452,529000
2453,506000
2454,296000
2455,823200
2456,406000
2457,767550
2458,640500
2459,530000
2460,515000
2461,662550
2462,988050
2463,412000
2464,258000
2465,364000
2466,428000
2467,366000
2468,320000
2469,618450
2470,574350
2471,584850
2472,646800
2473,746550
2474,323000
2475,743400
2476,253000
2477,580650
2478,246000
2479,457000
2480,408000
2481,770700
2482,1249500
2483,742350
2484,489000
2485,403000
2486,357000
2487,368000
2488,239000
2489,972300
2490,653100
2491,814800
2492,697200
2493,819000
2494,625800
2495,346000
2496,282000
2497,681450
2498,447000
2499,528000
2500,1932000
2501,411000
2502,386000
2503,267000
2504,244000
2505,588000
2506,301000
2507,411000
2508,656250
2509,641550
2510,258000
2511,442000
2512,598500
2513,329000
2514,847350
2515,321000
2516,578550
2517,278000
2518,209000
2519,370000
2520,294000
2521,287000
2522,2037000
2523,415000
2524,302000
2525,886200
2526,515000
2527,347000
2528,410000
2529,1113000
2530,428000
2531,507000
2532,462000
2533,263000
2534,602700
2535,335000
2536,319000
2537,448000
2538,305000
2539,796950
2540,520000
2541,564900
2542,510000
2543,306000
2544,932400
2545,651000
2546,583800
2547,385000
2548,659400
2549,798000
2550,960750
2551,833700
2552,306000
2553,336000
2554,407000
2555,489000
2556,430000
2557,402000
2558,637350
2559,184000
2560,409000
2561,238000
2562,716100
2563,451000
2564,891450
2565,415000
2566,639450
2567,532000
2568,634200
2569,483000
2570,607950
2571,826350
2572,373000
2573,732900
2574,662550
2575,298000
2576,377000
2577,383000
2578,395000
2579,468000
2580,388000
2581,180000
2582,1690500
2583,1890000
2584,355000
2585,324000
2586,386000
2587,280000
2588,774900
2589,460000
2590,439000
2591,567000
2592,389000
2593,906150
2594,1638000
2595,403000
2596,580650
2597,393000
2598,289000
2599,429000
2600,511000
2601,281000
2602,512000
2603,413000
2604,1344000
2605,418000
2606,347000
2607,369000
2608,418000
2609,526000
2610,744450
2611,409000
2612,384000
2613,530000
2614,942900
2615,420000
2616,1123500
2617,689850
2618,223000
2619,476000
2620,304000
2621,253000
2622,675150
2623,336000
2624,499000
2625,433000
2626,406000
2627,819000
2628,528000
2629,231000
2630,490000
2631,423000
2632,574350
2633,894600
2634,698250
2635,610050
2636,289000
2637,787500
2638,727650
2639,407000
2640,251000
2641,518000
2642,672000
2643,2194500
2644,465000
2645,792750
2646,693000
2647,260000
2648,436000
2649,452000
2650,506000
2651,346000
2652,232000
2653,389000
2654,492000
2655,643650
2656,457000
2657,378000
2658,581700
2659,440000
2660,238000
2661,323000
2662,615300
2663,422000
2664,764400
2665,289000
2666,211000
2667,498000
2668,305000
2669,1134000
2670,806400
2671,2415000
2672,290000
2673,289000
2674,614250
2675,1785000
2676,610050
2677,477000
2678,308000
2679,264000
2680,606900
2681,384000
2682,288000
2683,367000
2684,622650
2685,351000
2686,291000
2687,471000
2688,320000
2689,703500
2690,743400
2691,377000
2692,507000
2693,935550
2694,361000
2695,388000
2696,308000
2697,243000
2698,283000
2699,694050
2700,407000
2701,238000
2702,435000
2703,1753500
2704,389000
2705,572250
2706,417000
2707,732900
2708,575400
2709,491000
2710,258000
2711,367000
2712,415000
2713,356000
2714,463000
2715,261000
2716,911400
2717,374000
2718,2079000
2719,900900
2720,415000
2721,219000
2722,424000
2723,347000
2724,472000
2725,691950
2726,483000
2727,462000
2728,676200
2729,205000
2730,593250
2731,473000
2732,662550
2733,430000
2734,386000
2735,890400
2736,875700
2737,347000
2738,1722000
2739,231000
2740,261000
2741,410000
2742,227000
2743,487000
2744,606900
2745,453000
2746,287000
2747,332000
2748,420000
2749,564900
2750,903000
2751,351000
2752,297000
2753,595350
2754,490000
2755,179000
2756,623700
2757,769650
2758,315000
2759,373000
2760,516000
2761,598500
2762,333000
2763,493000
2764,245000
2765,416000
2766,1113000
2767,373000
2768,390000
2769,600600
2770,421000
2771,235000
2772,526000
2773,567000
2774,611100
2775,616350
2776,413000
2777,938700
2778,975450
2779,964950
2780,198000
2781,366000
2782,251000
2783,211000
2784,239000
2785,972300
2786,302000
2787,316000
2788,1512000
2789,245000
2790,1575000
2791,212000
2792,592200
2793,639450
2794,879900
2795,662550
2796,333000
2797,254000
2798,312000
2799,430000
2800,573300
2801,247000
2802,270000
2803,853650
2804,676200
2805,313000
2806,353000
2807,276000
2808,292000
2809,1113000
2810,1134000
2811,852600
2812,262000
2813,1228500
2814,836850
2815,589050
2816,694050
2817,698250
2818,436000
2819,272000
2820,600600
2821,197000
2822,572250
2823,205000
2824,265000
2825,631050
2826,2058000
2827,435000
2828,481000
2829,831600
2830,503000
2831,787500
2832,605850
2833,842100
2834,434000
2835,340000
2836,281000
2837,765450
2838,431000
2839,1015350
2840,725550
2841,577500
2842,379000
2843,345000
2844,442000
2845,397000
2846,1060500
2847,601650
2848,306000
2849,317000
2850,423000
2851,332000
2852,575400
2853,376000
2854,473000
2855,732900
2856,448000
2857,870450
2858,760200
2859,431000
2860,313000
2861,371000
2862,2404500
2863,370000
2864,369000
2865,681450
2866,296000
2867,476000
2868,427000
2869,404000
2870,530000
2871,242000
2872,305000
2873,305000
2874,907200
2875,578550
2876,201000
2877,878850
2878,401000
2879,292000
2880,979650
2881,324000
2882,440000
2883,807450
2884,382000
2885,260000
2886,591150
2887,273000
2888,412000
2889,257000
2890,500000
2891,466000
2892,1021650
2893,529000
2894,827400
2895,780150
2896,392000
2897,305000
2898,454000
2899,379000
2900,457000
2901,634200
2902,238000
2903,823200
2904,963900
2905,290000
2906,355000
2907,345000
2908,411000
2909,459000
2910,404000
2911,1010100
2912,735000
2913,418000
2914,645750
2915,819000
2916,267000
2917,673050
2918,528000
2919,930300
2920,1032150
2921,798000
2922,771750
2923,499000
2924,257000
2925,961800
2926,899850
2927,295000
2928,181000
2929,462000
2930,982800
2931,432000
2932,227000
2933,333000
2934,649950
2935,1648500
2936,354000
2937,262000
2938,989100
2939,279000
2940,457000
2941,351000
2942,443000
2943,192000
2944,240000
2945,465000
2946,300000
2947,691950
2948,295000
2949,530000
2950,255000
2951,834750
2952,227000
2953,914550
2954,1015350
2955,2047500
2956,687750
2957,596400
2958,269000
2959,604800
2960,791700
2961,402000
2962,329000
2963,358000
2964,473000
2965,468000
2966,514000
2967,301000
2968,202000
2969,575400
2970,517000
2971,469000
2972,295000
2973,1050000
2974,504000
2975,1228500
2976,189000
2977,2236500
2978,567000
2979,928200
2980,616350
2981,485000
2982,214000
2983,365000
2984,317000
2985,324000
2986,631050
2987,408000
2988,1470000
2989,1165500
2990,780150
2991,441000
2992,239000
2993,481000
2994,666750
2995,429000
2996,416000
2997,367000
2998,191000
2999,524000
3000,503000
3001,447000
3002,294000
3003,1197000
3004,665700
3005,247000
3006,654150
3007,636300
3008,641550
3009,732900
3010,437000
3011,498000
3012,485000
3013,261000
3014,249000
3015,681450
3016,286000
3017,291000
3018,978600
3019,295000
3020,382000
3021,535000
3022,429000
3023,310000
3024,485000
3025,718200
3026,350000
3027,768600
3028,503000
3029,1543500
3030,352000
3031,728700
3032,859950
3033,491000
3034,326000
3035,2194500
3036,364000
3037,516000
3038,693000
3039,496000
3040,312000
3041,303000
3042,398000
3043,1071000
3044,726600
3045,770700
3046,1816500
3047,1014300
3048,973350
3049,209000
3050,297000
3051,266000
3052,254000
3053,505000
3054,676200
3055,153000
3056,658350
3057,233000
3058,783300
3059,341000
3060,372000
3061,787500
3062,220000
3063,420000
3064,753900
3065,1386000
3066,327000
3067,291000
3068,308000
3069,269000
3070,325000
3071,405000
3072,244000
3073,626850
3074,529000
3075,492000
3076,465000
3077,596400
3078,339000
3079,313000
3080,297000
3081,532000
3082,703500
3083,1123500
3084,411000
3085,837900
3086,810600
3087,317000
3088,518000
3089,404000
3090,275000
3091,404000
3092,1438500
3093,203000
3094,446000
3095,714000
3096,491000
3097,436000
3098,1081500
3099,894600
3100,726600
3101,416000
3102,668850
3103,510000
3104,423000
3105,412000
3106,572250
3107,201000
3108,437000
3109,875700
3110,284000
3111,286000
3112,1596000
3113,880950
3114,708750
3115,441000
3116,658350
3117,901950
3118,600600
3119,260000
3120,813750
3121,265000
3122,1722000
3123,481000
3124,151000
3125,340000
3126,461000
3127,576450
3128,638400
3129,769650
3130,793800
3131,197000
3132,297000
3133,788550
3134,221000
3135,921900
3136,309000
3137,1302000
3138,191000
3139,652050
3140,635250
3141,462000
3142,309000
3143,321000
3144,433000
3145,302000
3146,242000
3147,1491000
3148,753900
3149,647850
3150,526000
3151,626850
3152,257000
3153,513000
3154,527000
3155,651000
3156,526000
3157,1554000
3158,727650
3159,616350
3160,366000
3161,460000
3162,252000
3163,444000
3164,477000
3165,727650
3166,743400
3167,871500
3168,1942500
3169,369000
3170,460000
3171,424000
3172,360000
3173,399000
3174,266000
3175,601650
3176,447000
3177,276000
3178,679350
3179,478000
3180,868350
3181,1596000
3182,707700
3183,4809000
3184,299000
3185,325000
3186,336000
3187,247000
3188,256000
3189,328000
3190,198000
3191,745500
3192,521000
3193,651000
3194,482000
3195,228000
3196,216000
3197,502000
3198,264000
3199,444000
3200,432000
3201,312000
3202,247000
3203,662550
3204,367000
3205,938700
3206,342000
3207,226000
3208,593250
3209,308000
3210,727650
3211,478000
3212,750750
3213,399000
3214,424000
3215,882000
3216,273000
3217,196000
3218,461000
3219,2268000
3220,224000
3221,709800
3222,703500
3223,251000
3224,245000
3225,666750
3226,703500
3227,466000
3228,253000
3229,303000
3230,259000
3231,824250
3232,253000
3233,309000
3234,511000
3235,949200
3236,389000
3237,471000
3238,180000
3239,440000
3240,441000
3241,599550
3242,622650
3243,774900
3244,241000
3245,383000
3246,533000
3247,624750
3248,909300
3249,448000
3250,348000
3251,630000
3252,774900
3253,476000
3254,358000
3255,647850
3256,466000
3257,647850
3258,760200
3259,1407000
3260,861000
3261,694050
3262,456000
3263,737100
3264,372000
3265,251000
3266,269000
3267,648900
3268,413000
3269,364000
3270,249000
3271,167000
3272,605850
3273,418000
3274,353000
3275,481000
3276,647850
3277,445000
3278,359000
3279,722400
3280,596400
3281,726600
3282,528000
3283,732900
3284,314000
3285,510000
3286,725550
3287,273000
3288,229000
3289,417000
3290,380000
3291,337000
3292,349000
3293,361000
3294,385000
3295,460000
3296,575400
3297,278000
3298,230000
3299,532000
3300,280000
3301,575400
3302,399000
3303,370000
3304,473000
3305,315000
3306,665700
3307,377000
3308,263000
3309,274000
3310,264000
3311,185000
3312,254000
3313,715050
3314,533000
3315,422000
3316,564900
3317,526000
3318,942900
3319,777000
3320,490000
3321,255000
3322,410000
3323,447000
3324,341000
3325,275000
3326,307000
3327,933450
3328,610050
3329,1040550
3330,228000
3331,448000
3332,293000
3333,290000
3334,523000
3335,488000
3336,421000
3337,972300
3338,927150
3339,467000
3340,360000
3341,361000
3342,360000
3343,676200
3344,427000
3345,736050
3346,1659000
3347,689850
3348,510000
3349,504000
3350,391000
3351,623700
3352,369000
3353,333000
3354,403000
3355,337000
3356,536000
3357,296000
3358,281000
3359,345000
3360,518000
3361,370000
3362,435000
3363,425000
3364,597450
3365,227000
3366,869400
3367,576450
3368,648900
3369,966000
3370,708750
3371,249000
3372,186000
3373,292000
3374,191000
3375,622650
3376,516000
3377,413000
3378,265000
3379,187000
3380,356000
3381,179000
3382,752850
3383,260000
3384,868350
3385,984900
3386,301000
3387,635250
3388,284000
3389,591150
3390,533000
3391,573300
3392,326000
3393,364000
3394,509000
3395,480000
3396,609000
3397,705600
3398,347000
3399,585900
3400,534000
3401,512000
3402,232000
3403,968100
3404,227000
3405,736050
3406,343000
3407,407000
3408,596400
3409,703500
3410,316000
3411,525000
3412,822150
3413,342000
3414,657300
3415,282000
3416,426000
3417,331000
3418,244000
3419,450000
3420,574350
3421,485000
3422,469000
3423,1596000
3424,898800
3425,364000
3426,604800
3427,664650
3428,366000
3429,335000
3430,479000
3431,490000
3432,1627500
3433,409000
3434,691950
3435,230000
3436,475000
3437,486000
3438,385000
3439,654150
3440,403000
3441,766500
3442,666750
3443,298000
3444,346000
3445,485000
3446,658350
3447,253000
3448,899850
3449,237000
3450,257000
3451,319000
3452,356000
3453,493000
3454,376000
3455,584850
3456,242000
3457,504000
3458,570150
3459,369000
3460,1040550
3461,332000
3462,614250
3463,488000
3464,782250
3465,348000
3466,826350
3467,766500
3468,212000
3469,398000
3470,635250
3471,1302000
3472,534000
3473,634200
3474,279000
3475,419000
3476,423000
3477,400000
3478,568050
3479,395000
3480,455000
3481,367000
3482,673050
3483,206000
3484,580650
3485,709800
3486,3202500
3487,243000
3488,359000
3489,428000
3490,374000
3491,175000
3492,332000
3493,284000
3494,242000
3495,875700
3496,211000
3497,259000
3498,607950
3499,342000
3500,387000
3501,935550
3502,461000
3503,895650
3504,259000
3505,428000
3506,674100
3507,770700
3508,242000
3509,859950
3510,365000
3511,456000
3512,295000
3513,625800
3514,528000
3515,305000
3516,620550
3517,498000
3518,533000
3519,432000
3520,348000
3521,368000
3522,267000
3523,155000
3524,1013250
3525,981750
3526,209000
3527,821100
3528,385000
3529,894600
3530,466000
3531,1218000
3532,576450
3533,895650
3534,1333500
3535,255000
3536,194000
3537,188000
3538,405000
3539,276000
3540,269000
3541,492000
3542,514000
3543,296000
3544,272000
3545,437000
3546,988050
3547,430000
3548,454000
3549,210000
3550,895650
3551,916650
3552,570150
3553,580650
3554,338000
3555,241000
3556,584850
3557,937650
3558,905100
3559,1071000
3560,990150
3561,204000
3562,267000
3563,403000
3564,580650
3565,179000
3566,855750
3567,334000
3568,255000
3569,581700
3570,259000
3571,423000
3572,306000
3573,687750
3574,306000
3575,512000
3576,482000
3577,867300
3578,281000
3579,890400
3580,508000
3581,670950
3582,658350
3583,473000
3584,630000
3585,794850
3586,437000
3587,641550
3588,825300
3589,882000
3590,646800
3591,345000
3592,489000
3593,532000
3594,372000
3595,501000
3596,1165500
3597,299000
3598,780150
3599,412000
3600,426000
3601,626850
3602,194000
3603,338000
3604,1034250
3605,621600
3606,266000
3607,621600
3608,1001700
3609,246000
3610,1480500
3611,409000
3612,355000
3613,254000
3614,457000
3615,346000
3616,725550
3617,496000
3618,309000
3619,1764000
3620,835800
3621,376000
3622,502000
3623,700350
3624,1144500
3625,442000
3626,868350
3627,401000
3628,508000
3629,498000
3630,474000
3631,1281000
3632,604800
3633,300000
3634,392000
3635,940800
3636,442000
3637,743400
3638,599550
3639,363000
3640,668850
3641,466000
3642,282000
3643,639450
3644,534000
3645,740250
3646,395000
3647,826350
3648,853650
3649,616350
3650,1048950
3651,1102500
3652,1270500
3653,995400
3654,388000
3655,1585500
3656,440000
3657,298000
3658,426000
3659,242000
3660,378000
3661,536000
3662,681450
3663,468000
3664,968100
3665,1963500
3666,434000
3667,914550
3668,772800
3669,371000
3670,371000
3671,321000
3672,1543500
3673,741300
3674,268000
3675,365000
3676,303000
3677,572250
3678,709800
3679,717150
3680,1323000
3681,485000
3682,272000
3683,831600
3684,814800
3685,271000
3686,460000
3687,329000
3688,314000
3689,509000
3690,578550
3691,258000
3692,1323000
3693,219000
3694,730800
3695,306000
3696,308000
3697,339000
3698,190000
3699,579600
3700,740250
3701,275000
3702,714000
3703,388000
3704,382000
3705,804300
3706,436000
3707,520000
3708,833700
3709,439000
3710,618450
3711,1134000
3712,3790500
3713,366000
3714,395000
3715,588000
3716,453000
3717,1501500
3718,363000
3719,507000
3720,279000
3721,825300
3722,426000
3723,424000
3724,321000
3725,324000
3726,528000
3727,353000
3728,674100
3729,510000
3730,586950
3731,442000
3732,329000
3733,800100
3734,499000
3735,250000
3736,426000
3737,775950
3738,1010100
3739,232000
3740,648900
3741,477000
3742,637350
3743,383000
3744,411000
3745,345000
3746,352000
3747,625800
3748,301000
3749,717150
3750,317000
3751,499000
3752,469000
3753,736050
3754,792750
3755,519000
3756,247000
3757,363000
3758,483000
3759,976500
3760,1123500
3761,568050
3762,254000
3763,391000
3764,523000
3765,906150
3766,648900
3767,306000
3768,610050
3769,998550
3770,397000
3771,282000
3772,273000
3773,746550
3774,892500
3775,1354500
3776,409000
3777,412000
3778,494000
3779,283000
3780,441000
3781,771750
3782,382000
3783,718200
3784,468000
3785,373000
3786,216000
3787,706650
3788,435000
3789,391000
3790,811650
3791,452000
3792,414000
3793,919800
3794,281000
3795,294000
3796,330000
3797,816900
3798,289000
3799,890400
3800,775950
3801,249000
3802,301000
3803,512000
3804,778050
3805,341000
3806,427000
3807,1323000
3808,260000
3809,381000
3810,527000
3811,282000
3812,318000
3813,617400
3814,528000
3815,308000
3816,229000
3817,957600
3818,975450
3819,578550
3820,717150
3821,253000
3822,484000
3823,509000
3824,328000
3825,721350
3826,496000
3827,643650
3828,469000
3829,239000
3830,811650
3831,356000
3832,380000
3833,476000
3834,334000
3835,657300
3836,1071000
3837,627900
3838,466000
3839,623700
3840,352000
3841,1575000
3842,286000
3843,226000
3844,1459500
3845,722400
3846,353000
3847,576450
3848,752850
3849,218000
3850,703500
3851,304000
3852,582750
3853,370000
3854,966000
3855,391000
3856,532000
3857,801150
3858,453000
3859,428000
3860,218000
3861,321000
3862,141000
3863,290000
3864,216000
3865,225000
3866,280000
3867,320000
3868,485000
3869,1869000
3870,871500
3871,180000
3872,1155000
3873,429000
3874,1753500
3875,973350
3876,383000
3877,313000
3878,334000
3879,798000
3880,528000
3881,519000
3882,716100
3883,332000
3884,782250
3885,223000
3886,237000
3887,215000
3888,423000
3889,828450
3890,320000
3891,663600
3892,456000
3893,246000
3894,451000
3895,1044750
3896,750750
3897,395000
3898,346000
3899,382000
3900,216000
3901,442000
3902,402000
3903,484000
3904,177000
3905,363000
3906,352000
3907,667800
3908,254000
3909,644700
3910,295000
3911,709800
3912,753900
3913,399000
3914,354000
3915,463000
3916,649950
3917,462000
3918,625800
3919,674100
3920,399000
3921,303000
3922,469000
3923,382000
3924,622650
3925,235000
3926,386000
3927,588000
3928,325000
3929,418000
3930,321000
3931,418000
3932,248000
3933,245000
3934,365000
3935,449000
3936,404000
3937,1002750
3938,622650
3939,577500
3940,357000
3941,270000
3942,466000
3943,593250
3944,310000
3945,596400
3946,634200
3947,518000
3948,238000
3949,292000
3950,528000
3951,971250
3952,333000
3953,480000
3954,758100
3955,834750
3956,605850
3957,262000
3958,1890000
3959,368000
3960,720300
3961,385000
3962,204000
3963,402000
3964,647850
3965,350000
3966,424000
3967,533000
3968,1554000
3969,350000
3970,681450
3971,342000
3972,486000
3973,708750
3974,239000
3975,431000
3976,516000
3977,898800
3978,533000
3979,2184000
3980,409000
3981,284000
3982,446000
3983,306000
3984,1155000
3985,657300
3986,689850
3987,421000
3988,423000
3989,1354500
3990,883050
3991,510000
3992,303000
3993,367000
3994,504000
3995,259000
3996,455000
3997,357000
3998,490000
3999,484000
4000,514000
4001,452000
4002,334000
4003,400000
4004,1050000
4005,211000
4006,476000
4007,467000
4008,533000
4009,254000
4010,422000
4011,400000
4012,740250
4013,371000
4014,1155000
4015,216000
4016,346000
4017,572250
4018,303000
4019,1354500
4020,449000
4021,876750
4022,1014300
4023,509000
4024,214000
4025,2436000
4026,568050
4027,674100
4028,443000
4029,968100
4030,736050
4031,334000
4032,874650
4033,2656500
4034,2688000
4035,435000
4036,413000
4037,271000
4038,641550
4039,715050
4040,219000
4041,373000
4042,295000
4043,237000
4044,368000
4045,665700
4046,406000
4047,648900
4048,408000
4049,599550
4050,509000
4051,298000
4052,1037400
4053,370000
4054,462000
4055,307000
4056,402000
4057,354000
4058,303000
4059,258000
4060,455000
4061,323000
4062,464000
4063,507000
4064,1575000
4065,494000
4066,339000
4067,262000
4068,473000
4069,336000
4070,796950
4071,408000
4072,307000
4073,229000
4074,212000
4075,407000
4076,589050
4077,224000
4078,521000
4079,271000
4080,220000
4081,615300
4082,1669500
4083,601650
4084,510000
4085,673050
4086,1071000
4087,149000
4088,276000
4089,942900
4090,388000
4091,590100
4092,1176000
4093,358000
4094,620550
4095,654150
4096,283000
4097,694050
4098,302000
4099,705600
4100,178000
4101,789600
4102,262000
4103,439000
4104,638400
4105,1680000
4106,3391500
4107,442000
4108,1033200
4109,340000
4110,300000
4111,998550
4112,320000
4113,900900
4114,333000
4115,213000
4116,189000
4117,913500
4118,254000
4119,375000
4120,704550
4121,405000
4122,328000
4123,336000
4124,248000
4125,610050
4126,506000
4127,501000
4128,480000
4129,356000
4130,382000
4131,483000
4132,887250
4133,421000
4134,530000
4135,396000
4136,1144500
4137,215000
4138,497000
4139,189000
4140,1837500
4141,836850
4142,404000
4143,228000
4144,226000
4145,313000
4146,1144500
4147,628950
4148,732900
4149,255000
4150,418000
4151,862050
4152,1041600
4153,1386000
4154,390000
4155,2856000
4156,326000
4157,430000
4158,215000
4159,448000
4160,610050
4161,1092000
4162,382000
4163,364000
4164,444000
4165,233000
4166,1302000
4167,571200
4168,600600
4169,800100
4170,441000
4171,255000
4172,674100
4173,888300
4174,919800
4175,520000
4176,361000
4177,257000
4178,684600
4179,436000
4180,359000
4181,640500
4182,651000
4183,213000
4184,369000
4185,1186500
4186,228000
4187,622650
4188,842100
4189,407000
4190,291000
4191,582750
4192,305000
4193,346000
4194,345000
4195,589050
4196,520000
4197,443000
4198,262000
4199,223000
4200,214000
4201,936600
4202,473000
4203,276000
4204,250000
4205,339000
4206,661500
4207,276000
4208,211000
4209,414000
4210,749700
4211,498000
4212,708750
4213,348000
4214,1302000
4215,516000
4216,380000
4217,780150
4218,1690500
4219,319000
4220,859950
4221,1774500
4222,226000
4223,334000
4224,301000
4225,574350
4226,847350
4227,346000
4228,439000
4229,1564500
4230,272000
4231,1722000
4232,830550
4233,434000
4234,441000
4235,809550
4236,905100
4237,1176000
4238,430000
4239,514000
4240,291000
4241,259000
4242,285000
4243,362000
4244,612150
4245,260000
4246,660450
4247,293000
4248,624750
4249,615300
4250,211000
4251,253000
4252,787500
4253,431000
4254,813750
4255,463000
4256,653100
4257,223000
4258,695100
4259,240000
4260,915600
4261,481000
4262,251000
4263,611100
4264,246000
4265,192000
4266,630000
4267,451000
4268,297000
4269,870450
4270,460000
4271,738150
4272,281000
4273,294000
4274,478000
4275,446000
4276,1004850
4277,373000
4278,379000
4279,348000
4280,318000
4281,536000
4282,704550
4283,595350
4284,1911000
4285,168000
4286,489000
4287,188000
4288,242000
4289,885150
4290,535000
4291,446000
4292,293000
4293,975450
4294,400000
4295,416000
4296,382000
4297,717150
4298,328000
4299,991200
4300,326000
4301,286000
4302,397000
4303,455000
4304,383000
4305,531000
4306,628950
4307,268000
4308,306000
4309,579600
4310,459000
4311,531000
4312,458000
4313,403000
4314,434000
4315,380000
4316,453000
4317,403000
4318,1974000
4319,274000
4320,624750
4321,239000
4322,488000
4323,600600
4324,478000
4325,439000
4326,350000
4327,1032150
4328,379000
4329,462000
4330,467000
4331,1155000
4332,351000
4333,607950
4334,253000
4335,1001700
4336,631050
4337,813750
4338,219000
4339,215000
4340,363000
4341,844200
4342,228000
4343,854700
4344,428000
4345,828450
4346,231000
4347,840000
4348,943950
4349,425000
4350,329000
4351,390000
4352,349000
4353,471000
4354,677250
4355,348000
4356,246000
4357,678300
4358,311000
4359,319000
4360,331000
4361,812700
4362,278000
4363,299000
4364,302000
4365,417000
4366,504000
4367,222000
4368,596400
4369,363000
4370,392000
4371,472000
4372,1113000
4373,465000
4374,321000
4375,265000
4376,328000
4377,316000
4378,517000
4379,509000
4380,357000
4381,583800
4382,1722000
4383,308000
4384,263000
4385,230000
4386,308000
4387,1732500
4388,844200
4389,211000
4390,676200
4391,312000
4392,482000
4393,691950
4394,434000
4395,644700
4396,496000
4397,398000
4398,515000
4399,489000
4400,362000
4401,595350
4402,394000
4403,316000
4404,1034250
4405,410000
4406,512000
4407,760200
4408,213000
4409,681450
4410,218000
4411,1144500
4412,648900
4413,1144500
4414,605850
4415,691950
4416,415000
4417,662550
4418,1025850
4419,433000
4420,192000
4421,523000
4422,569100
4423,247000
4424,643650
4425,609000
4426,474000
4427,527000
4428,289000
4429,472000
4430,403000
4431,310000
4432,808500
4433,374000
4434,510000
4435,534000
4436,617400
4437,478000
4438,2184000
4439,311000
4440,447000
4441,248000
4442,504000
4443,875700
4444,177000
4445,313000
4446,602700
4447,317000
4448,476000
4449,488000
4450,407000
4451,268000
4452,912450
4453,344000
4454,431000
4455,458000
4456,745500
4457,598500
4458,634200
4459,803250
4460,303000
4461,396000
4462,323000
4463,835800
4464,648900
4465,191000
4466,180000
4467,341000
4468,213000
4469,258000
4470,732900
4471,408000
4472,352000
4473,285000
4474,385000
4475,193000
4476,732900
4477,393000
4478,297000
4479,309000
4480,310000
4481,1050000
4482,245000
4483,483000
4484,336000
4485,731850
4486,715050
4487,285000
4488,684600
4489,644700
4490,617400
4491,452000
4492,484000
4493,290000
4494,515000
4495,593250
4496,213000
4497,2635500
4498,343000
4499,461000
4500,498000
4501,401000
4502,1092000
4503,520000
4504,197000
4505,324000
4506,726600
4507,241000
4508,507000
4509,1186500
4510,574350
4511,706650
4512,686700
4513,905100
4514,350000
4515,489000
4516,768600
4517,900900
4518,186000
4519,350000
4520,248000
4521,600600
4522,615300
4523,519000
4524,452000
4525,220000
4526,693000
4527,572250
4528,160000
4529,384000
4530,295000
4531,266000
4532,409000
4533,710850
4534,712950
4535,324000
4536,270000
4537,301000
4538,601650
4539,431000
4540,246000
4541,373000
4542,240000
4543,234000
4544,325000
4545,202000
4546,1207500
4547,464000
4548,281000
4549,358000
4550,689850
4551,351000
4552,961800
4553,442000
4554,249000
4555,276000
4556,430000
4557,617400
4558,576450
4559,611100
4560,707700
4561,729750
4562,953400
4563,334000
4564,256000
4565,491000
4566,725550
4567,336000
4568,594300
4569,781200
4570,496000
4571,204000
4572,398000
4573,519000
4574,497000
4575,517000
4576,276000
4577,397000
4578,378000
4579,421000
4580,858900
4581,801150
4582,502000
4583,858900
4584,298000
4585,381000
4586,730800
4587,475000
4588,256000
4589,311000
4590,1396500
4591,334000
4592,224000
4593,375000
4594,591150
4595,450000
4596,355000
4597,392000
4598,484000
4599,573300
4600,367000
4601,690900
4602,810600
4603,308000
4604,369000
4605,364000
4606,682500
4607,402000
4608,323000
4609,668850
4610,689850
4611,211000
4612,748650
4613,375000
4614,241000
4615,387000
4616,497000
4617,404000
4618,251000
4619,299000
4620,217000
4621,579600
4622,472000
4623,468000
4624,725550
4625,580650
4626,339000
4627,395000
4628,218000
4629,330000
4630,293000
4631,763350
4632,1249500
4633,434000
4634,883050
4635,679350
4636,478000
4637,568050
4638,703500
4639,276000
4640,204000
4641,223000
4642,243000
4643,495000
4644,213000
4645,1428000
4646,409000
4647,277000
4648,385000
4649,486000
4650,296000
4651,318000
4652,804300
4653,335000
4654,464000
4655,248000
4656,236000
4657,716100
4658,462000
4659,464000
4660,1176000
4661,338000
4662,1010100
4663,1020600
4664,647850
4665,368000
4666,371000
4667,250000
4668,569100
4669,247000
4670,720300
4671,664650
4672,395000
4673,2593500
4674,425000
4675,739200
4676,372000
4677,1060500
4678,731850
4679,340000
4680,343000
4681,495000
4682,240000
4683,665700
4684,435000
4685,217000
4686,454000
4687,764400
4688,502000
4689,482000
4690,753900
4691,202000
4692,280000
4693,311000
4694,477000
4695,263000
4696,884100
4697,1764000
4698,221000
4699,649950
4700,313000
4701,461000
4702,506000
4703,746550
4704,306000
4705,978600
4706,320000
4707,790650
4708,569100
4709,351000
4710,362000
4711,268000
4712,458000
4713,739200
4714,667800
4715,1014300
4716,354000
4717,265000
4718,234000
4719,277000
4720,667800
4721,456000
4722,357000
4723,270000
4724,355000
4725,364000
4726,167000
4727,576450
4728,191000
4729,614250
4730,258000
4731,663600
4732,900900
4733,276000
4734,810600
4735,747600
4736,1102500
4737,388000
4738,524000
4739,393000
4740,180000
4741,610050
4742,857850
4743,1249500
4744,335000
4745,1134000
4746,917700
4747,439000
4748,1081500
4749,464000
4750,872550
4751,326000
4752,246000
4753,283000
4754,1270500
4755,813750
4756,500000
4757,496000
4758,320000
4759,332000
4760,510000
4761,830550
4762,1312500
4763,390000
4764,366000
4765,924000
4766,1071000
4767,325000
4768,632100
4769,651000
4770,624750
4771,498000
4772,447000
4773,577500
4774,415000
4775,316000
4776,569100
4777,573300
4778,447000
4779,430000
4780,214000
4781,261000
4782,171000
4783,262000
4784,832650
4785,434000
4786,498000
4787,469000
4788,634200
4789,251000
4790,277000
4791,663600
4792,575400
4793,369000
4794,904050
4795,631050
4796,903000
4797,233000
4798,297000
4799,418000
4800,510000
4801,1218000
4802,355000
4803,396000
4804,384000
4805,893550
4806,288000
4807,705600
4808,836850
4809,276000
4810,368000
4811,321000
4812,646800
4813,934500
4814,626850
4815,402000
4816,317000
4817,445000
4818,864150
4819,452000
4820,947100
4821,264000
4822,164000
4823,392000
4824,1344000
4825,859950
4826,298000
4827,576450
4828,667800
4829,327000
4830,239000
4831,1585500
4832,794850
4833,451000
4834,1291500
4835,249000
4836,724500
4837,575400
4838,1344000
4839,269000
4840,247000
4841,232000
4842,156000
4843,267000
4844,574350
4845,397000
4846,697200
4847,1396500
4848,893550
4849,264000
4850,194000
4851,1333500
4852,286000
4853,515000
4854,575400
4855,330000
4856,533000
4857,425000
4858,249000
4859,218000
4860,367000
4861,633150
4862,675150
4863,347000
4864,599550
4865,423000
4866,266000
4867,161000
4868,729750
4869,1207500
4870,388000
4871,394000
4872,580650
4873,198000
4874,600600
4875,2782500
4876,376000
4877,366000
4878,1333500
4879,400000
4880,1092000
4881,682500
4882,282000
4883,395000
4884,476000
4885,472000
4886,336000
4887,228000
4888,297000
4889,848400
4890,446000
4891,339000
4892,770700
4893,762300
4894,329000
4895,317000
4896,335000
4897,326000
4898,168000
4899,308000
4900,414000
4901,579600
4902,349000
4903,289000
4904,696150
4905,172000
4906,350000
4907,668850
4908,665700
4909,406000
4910,391000
4911,270000
4912,373000
4913,988050
4914,523000
4915,283000
4916,208000
4917,215000
4918,496000
4919,611100
4920,294000
4921,968100
4922,290000
4923,617400
4924,567000
4925,411000
4926,352000
4927,345000
4928,682500
4929,936600
4930,641550
4931,633150
4932,257000
4933,1134000
4934,1575000
4935,253000
4936,251000
4937,941850
4938,725550
4939,381000
4940,371000
4941,783300
4942,384000
4943,628950
4944,297000
4945,448000
4946,488000
4947,637350
4948,314000
4949,248000
4950,523000
4951,224000
4952,333000
4953,372000
4954,595350
4955,362000
4956,394000
4957,407000
4958,472000
4959,829500
4960,674100
4961,728700
4962,584850
4963,652050
4964,418000
4965,668850
4966,394000
4967,520000
4968,377000
4969,456000
4970,598500
4971,1260000
4972,2205000
4973,890400
4974,270000
4975,329000
4976,295000
4977,260000
4978,255000
4979,470000
4980,378000
4981,482000
4982,435000
4983,656250
4984,259000
4985,615300
4986,732900
4987,2488500
4988,289000
4989,475000
4990,376000
4991,214000
4992,357000
4993,203000
4994,972300
4995,1050000
4996,577500
4997,709800
4998,275000
4999,256000
5000,375000
5001,783300
5002,381000
5003,412000
5004,590100
5005,666750
5006,255000
5007,691950
5008,461000
5009,336000
5010,328000
5011,337000
5012,618450
5013,351000
5014,655200
5015,356000
5016,1015350
5017,403000
5018,226000
5019,246000
5020,1291500
5021,229000
5022,413000
5023,579600
5024,456000
5025,596400
5026,777000
5027,1533000
5028,638400
5029,385000
5030,256000
5031,821100
5032,249000
5033,514000
5034,390000
5035,258000
5036,399000
5037,529000
5038,265000
5039,724500
5040,1113000
5041,283000
5042,191000
5043,471000
5044,228000
5045,710850
5046,255000
5047,1155000
5048,605850
5049,225000
5050,530000
5051,1774500
5052,465000
5053,1134000
5054,296000
5055,211000
5056,194000
5057,621600
5058,312000
5059,317000
5060,207000
5061,470000
5062,387000
5063,596400
5064,453000
5065,517000
5066,601650
5067,395000
5068,476000
5069,779100
5070,407000
5071,730800
5072,1034250
5073,426000
5074,479000
5075,291000
5076,609000
5077,848400
5078,340000
5079,585900
5080,722400
5081,389000
5082,421000
5083,251000
5084,820050
5085,232000
5086,359000
5087,506000
5088,384000
5089,510000
5090,394000
5091,328000
5092,384000
5093,497000
5094,236000
5095,400000
5096,405000
5097,866250
5098,338000
5099,454000
5100,392000
5101,533000
5102,1785000
5103,431000
5104,849450
5105,595350
5106,380000
5107,288000
5108,344000
5109,662550
5110,273000
5111,369000
5112,372000
5113,396000
5114,1000650
5115,347000
5116,1260000
5117,657300
5118,706650
5119,311000
5120,1459500
5121,782250
5122,685650
5123,853650
5124,279000
5125,208000
5126,497000
5127,366000
5128,1081500
5129,786450
5130,1774500
5131,1046850
5132,934500
5133,754950
5134,643650
5135,309000
5136,615300
5137,396000
5138,356000
5139,505000
5140,1060500
5141,730800
5142,520000
5143,313000
5144,575400
5145,167000
5146,374000
5147,381000
5148,280000
5149,297000
5150,764400
5151,951300
5152,849450
5153,506000
5154,921900
5155,399000
5156,440000
5157,396000
5158,251000
5159,395000
5160,238000
5161,624750
5162,645750
5163,406000
5164,295000
5165,1134000
5166,327000
5167,363000
5168,335000
5169,389000
5170,297000
5171,660450
5172,410000
5173,329000
5174,270000
5175,369000
5176,691950
5177,318000
5178,437000
5179,217000
5180,1963500
5181,507000
5182,452000
5183,326000
5184,265000
5185,167000
5186,407000
5187,207000
5188,245000
5189,677250
5190,267000
5191,1197000
5192,192000
5193,372000
5194,577500
5195,440000
5196,606900
5197,945000
5198,200000
5199,563850
5200,791700
5201,999600
5202,479000
5203,798000
5204,1375500
5205,348000
5206,322000
5207,970200
5208,1005900
5209,377000
5210,382000
5211,306000
5212,788550
5213,739200
5214,348000
5215,492000
5216,282000
5217,702450
5218,373000
5219,408000
5220,356000
5221,662550
5222,280000
5223,980700
5224,341000
5225,1144500
5226,458000
5227,745500
5228,212000
5229,502000
5230,344000
5231,596400
5232,256000
5233,450000
5234,486000
5235,686700
5236,475000
5237,424000
5238,769650
5239,838950
5240,582750
5241,435000
5242,165000
5243,812700
5244,269000
5245,472000
5246,620550
5247,252000
5248,599550
5249,731850
5250,728700
5251,201000
5252,363000
5253,908250
5254,367000
5255,339000
5256,271000
5257,575400
5258,433000
5259,863100
5260,632100
5261,653100
5262,487000
5263,1123500
5264,347000
5265,870450
5266,657300
5267,591150
5268,151000
5269,347000
5270,482000
5271,653100
5272,291000
5273,466000
5274,180000
5275,252000
5276,861000
5277,445000
5278,397000
5279,639450
5280,214000
5281,358000
5282,259000
5283,653100
5284,360000
5285,349000
5286,465000
5287,430000
5288,787500
5289,444000
5290,816900
5291,787500
5292,322000
5293,1480500
5294,354000
5295,724500
5296,934500
5297,801150
5298,417000
5299,637350
5300,626850
5301,571200
5302,738150
5303,267000
5304,281000
5305,696150
5306,1165500
5307,516000
5308,760200
5309,995400
5310,781200
5311,752850
5312,593250
5313,877800
5314,379000
5315,197000
5316,411000
5317,297000
5318,371000
5319,701400
5320,615300
5321,421000
5322,236000
5323,1092000
5324,264000
5325,563850
5326,954450
5327,434000
5328,508000
5329,227000
5330,893550
5331,1228500
5332,357000
5333,924000
5334,222000
5335,634200
5336,939750
5337,1480500
5338,326000
5339,192000
5340,473000
5341,565950
5342,577500
5343,762300
5344,655200
5345,504000
5346,276000
5347,429000
5348,678300
5349,626850
5350,415000
5351,328000
5352,1806000
5353,305000
5354,419000
5355,571200
5356,811650
5357,588000
5358,1407000
5359,712950
5360,513000
5361,578550
5362,778050
5363,321000
5364,723450
5365,432000
5366,355000
5367,447000
5368,843150
5369,326000
5370,528000
5371,308000
5372,599550
5373,469000
5374,306000
5375,940800
5376,1218000
5377,421000
5378,272000
5379,746550
5380,207000
5381,503000
5382,617400
5383,352000
5384,938700
5385,817950
5386,1323000
5387,374000
5388,252000
5389,1155000
5390,403000
5391,395000
5392,437000
5393,1071000
5394,600600
5395,638400
5396,428000
5397,304000
5398,701400
5399,287000
5400,395000
5401,460000
5402,311000
5403,640500
5404,379000
5405,322000
5406,811650
5407,237000
5408,906150
5409,846300
5410,461000
5411,369000
5412,335000
5413,887250
5414,495000
5415,737100
5416,233000
5417,618450
5418,367000
5419,353000
5420,946050
5421,284000
5422,955500
5423,393000
5424,593250
5425,379000
5426,174000
5427,334000
5428,823200
5429,462000
5430,399000
5431,394000
5432,235000
5433,793800
5434,200000
5435,359000
5436,588000
5437,496000
5438,999600
5439,660450
5440,908250
5441,370000
5442,385000
5443,802200
5444,1034250
5445,518000
5446,1596000
5447,771750
5448,1081500
5449,673050
5450,399000
5451,726600
5452,1060500
5453,426000
5454,866250
5455,718200
5456,601650
5457,406000
5458,519000
5459,880950
5460,363000
5461,740250
5462,518000
5463,454000
5464,322000
5465,318000
5466,291000
5467,954450
5468,385000
5469,297000
5470,260000
5471,711900
5472,263000
5473,921900
5474,594300
5475,601650
5476,316000
5477,854700
5478,253000
5479,390000
5480,417000
5481,1312500
5482,239000
5483,503000
5484,258000
5485,271000
5486,263000
5487,485000
5488,447000
5489,604800
5490,456000
5491,2268000
5492,452000
5493,350000
5494,569100
5495,277000
5496,822150
5497,1092000
5498,872550
5499,1564500
5500,1155000
5501,377000
5502,332000
5503,455000
5504,493000
5505,584850
5506,489000
5507,326000
5508,461000
5509,305000
5510,1123500
5511,412000
5512,462000
5513,1270500
5514,374000
5515,581700
5516,1554000
5517,434000
5518,516000
5519,385000
5520,422000
5521,397000
5522,449000
5523,295000
5524,266000
5525,317000
5526,220000
5527,216000
5528,196000
5529,1207500
5530,508000
5531,230000
5532,380000
5533,283000
5534,506000
5535,845250
5536,348000
5537,1365000
5538,197000
5539,733950
5540,295000
5541,606900
5542,317000
5543,358000
5544,342000
5545,248000
5546,259000
5547,261000
5548,397000
5549,416000
5550,398000
5551,195000
5552,579600
5553,1543500
5554,510000
5555,619500
5556,319000
5557,387000
5558,662550
5559,589050
5560,463000
5561,1081500
5562,654150
5563,272000
5564,221000
5565,1239000
5566,327000
5567,359000
5568,429000
5569,363000
5570,283000
5571,455000
5572,214000
5573,371000
5574,643650
5575,677250
5576,446000
5577,2383500
5578,323000
5579,721350
5580,337000
5581,802200
5582,462000
5583,234000
5584,227000
5585,245000
5586,303000
5587,1155000
5588,324000
5589,485000
5590,577500
5591,984900
5592,307000
5593,235000
5594,521000
5595,771750
5596,299000
5597,253000
5598,463000
5599,1375500
5600,271000
5601,748650
5602,491000
5603,404000
5604,282000
5605,652050
5606,442000
5607,746550
5608,477000
5609,315000
5610,211000
5611,513000
5612,315000
5613,478000
5614,603750
5615,574350
5616,1764000
5617,637350
5618,430000
5619,684600
5620,423000
5621,460000
5622,2236500
5623,513000
5624,1911000
5625,268000
5626,1858500
5627,341000
5628,487000
5629,327000
5630,496000
5631,343000
5632,751800
5633,606900
5634,589050
5635,694050
5636,341000
5637,493000
5638,747600
5639,710850
5640,534000
5641,840000
5642,667800
5643,257000
5644,569100
5645,252000
5646,729750
5647,473000
5648,383000
5649,729750
5650,403000
5651,310000
5652,262000
5653,616350
5654,623700
5655,391000
5656,810600
5657,409000
5658,799050
5659,476000
5660,743400
5661,412000
5662,428000
5663,289000
5664,700350
5665,229000
5666,630000
5667,276000
5668,323000
5669,863100
5670,475000
5671,382000
5672,714000
5673,167000
5674,486000
5675,297000
5676,590100
5677,620550
5678,382000
5679,291000
5680,588000
5681,721350
5682,455000
5683,607950
5684,398000
5685,383000
5686,1501500
5687,993300
5688,810600
5689,830550
5690,248000
5691,535000
5692,970200
5693,841050
5694,659400
5695,517000
5696,309000
5697,190000
5698,706650
5699,386000
5700,208000
5701,206000
5702,694050
5703,270000
5704,271000
5705,899850
5706,703500
5707,299000
5708,292000
5709,655200
5710,466000
5711,585900
5712,504000
5713,417000
5714,237000
5715,393000
5716,904050
5717,903000
5718,844200
5719,1123500
5720,193000
5721,676200
5722,457000
5723,389000
5724,536000
5725,464000
5726,738150
5727,591150
5728,870450
5729,276000
5730,405000
5731,299000
5732,683550
5733,313000
5734,906150
5735,997500
5736,894600
5737,383000
5738,313000
5739,202000
5740,1102500
5741,485000
5742,652050
5743,864150
5744,1060500
5745,684600
5746,292000
5747,345000
5748,353000
5749,385000
5750,803250
5751,630000
5752,520000
5753,178000
5754,469000
5755,583800
5756,492000
5757,515000
5758,466000
5759,288000
5760,381000
5761,618450
5762,319000
5763,311000
5764,356000
5765,240000
5766,389000
5767,716100
5768,784350
5769,487000
5770,387000
5771,898800
5772,663600
5773,215000
5774,446000
5775,494000
5776,383000
5777,683550
5778,265000
5779,248000
5780,868350
5781,269000
5782,943950
5783,257000
5784,3265500
5785,260000
5786,626850
5787,714000
5788,183000
5789,453000
5790,978600
5791,321000
5792,572250
5793,429000
5794,884100
5795,3360000
5796,1344000
5797,340000
5798,669900
5799,635250
5800,1953000
5801,452000
5802,874650
5803,635250
5804,403000
5805,250000
5806,251000
5807,332000
5808,858900
5809,426000
5810,521000
5811,299000
5812,394000
5813,408000
5814,603750
5815,222000
5816,631050
5817,391000
5818,310000
5819,349000
5820,688800
5821,411000
5822,268000
5823,459000
5824,741300
5825,816900
5826,354000
5827,307000
5828,462000
5829,947100
5830,250000
5831,481000
5832,464000
5833,415000
5834,574350
5835,640500
5836,246000
5837,426000
5838,447000
5839,503000
5840,362000
5841,493000
5842,430000
5843,2121000
5844,298000
5845,450000
5846,705600
5847,211000
5848,752850
5849,700350
5850,466000
5851,333000
5852,593250
5853,324000
5854,219000
5855,261000
5856,935550
5857,470000
5858,459000
5859,250000
5860,1459500
5861,300000
5862,321000
5863,405000
5864,473000
5865,702450
5866,404000
5867,770700
5868,498000
5869,392000
5870,486000
5871,707700
5872,447000
5873,669900
5874,592200
5875,298000
5876,1218000
5877,1165500
5878,321000
5879,667800
5880,256000
5881,882000
5882,370000
5883,312000
5884,353000
5885,393000
5886,4305000
5887,338000
5888,792750
5889,479000
5890,506000
5891,536000
5892,790650
5893,356000
5894,876750
5895,657300
5896,567000
5897,272000
5898,1291500
5899,404000
5900,981750
5901,253000
5902,265000
5903,1596000
5904,280000
5905,1291500
5906,239000
5907,750750
5908,437000
5909,1081500
5910,577500
5911,612150
5912,202000
5913,299000
5914,853650
5915,429000
5916,519000
5917,211000
5918,432000
5919,670950
5920,435000
5921,357000
5922,485000
5923,435000
5924,514000
5925,584850
5926,445000
5927,492000
5928,264000
5929,402000
5930,470000
5931,258000
5932,165000
5933,524000
5934,1396500
5935,474000
5936,934500
5937,229000
5938,298000
5939,411000
5940,275000
5941,410000
5942,503000
5943,853650
5944,347000
5945,294000
5946,263000
5947,569100
5948,352000
5949,693000
5950,459000
5951,456000
5952,400000
5953,337000
5954,719250
5955,362000
5956,382000
5957,528000
5958,459000
5959,745500
5960,394000
5961,616350
5962,648900
5963,455000
5964,228000
5965,396000
5966,577500
5967,517000
5968,854700
5969,1459500
5970,391000
5971,402000
5972,569100
5973,904050
5974,446000
5975,314000
5976,453000
5977,416000
5978,413000
5979,304000
5980,602700
5981,244000
5982,242000
5983,370000
5984,382000
5985,630000
5986,872550
5987,322000
5988,485000
5989,571200
5990,478000
5991,282000
5992,591150
5993,518000
5994,717150
5995,658350
5996,1030050
5997,242000
5998,668850
5999,301000
6000,331000
6001,185000
6002,2026500
6003,329000
6004,333000
6005,224000
6006,283000
6007,473000
6008,533000
6009,277000
6010,826350
6011,330000
6012,477000
6013,373000
6014,1239000
6015,627900
6016,331000
6017,295000
6018,586950
6019,412000
6020,741300
6021,1134000
6022,177000
6023,696150
6024,760200
6025,229000
6026,873600
6027,337000
6028,625800
6029,395000
6030,201000
6031,639450
6032,369000
6033,254000
6034,631050
6035,461000
6036,811650
6037,480000
6038,578550
6039,583800
6040,828450
6041,441000
6042,524000
6043,344000
6044,472000
6045,355000
6046,359000
6047,467000
6048,654150
6049,468000
6050,199000
6051,436000
6052,359000
6053,285000
6054,601650
6055,879900
6056,349000
6057,404000
6058,575400
6059,236000
6060,473000
6061,445000
6062,639450
6063,242000
6064,688800
6065,679350
6066,219000
6067,1021650
6068,193000
6069,701400
6070,371000
6071,473000
6072,297000
6073,364000
6074,643650
6075,911400
6076,275000
6077,504000
6078,278000
6079,335000
6080,2047500
6081,1176000
6082,406000
6083,918750
6084,796950
6085,359000
6086,1197000
6087,476000
6088,279000
6089,198000
6090,349000
6091,451000
6092,227000
6093,943950
6094,380000
6095,323000
6096,204000
6097,591150
6098,872550
6099,847350
6100,584850
6101,444000
6102,322000
6103,347000
6104,866250
6105,244000
6106,220000
6107,516000
6108,417000
6109,439000
6110,501000
6111,342000
6112,267000
6113,394000
6114,422000
6115,324000
6116,864150
6117,366000
6118,418000
6119,288000
6120,572250
6121,632100
6122,600600
6123,358000
6124,410000
6125,409000
6126,412000
6127,854700
6128,277000
6129,506000
6130,527000
6131,456000
6132,311000
6133,358000
6134,386000
6135,312000
6136,691950
6137,875700
6138,312000
6139,195000
6140,370000
6141,438000
6142,424000
6143,368000
6144,1024800
6145,232000
6146,494000
6147,373000
6148,975450
6149,277000
6150,254000
6151,450000
6152,625800
6153,299000
6154,440000
6155,1081500
6156,300000
6157,564900
6158,466000
6159,781200
6160,191000
6161,416000
6162,688800
6163,365000
6164,406000
6165,217000
6166,209000
6167,399000
6168,275000
6169,481000
6170,304000
6171,1030050
6172,297000
6173,827400
6174,779100
6175,298000
6176,861000
6177,696150
6178,236000
6179,615300
6180,675150
6181,511000
6182,478000
6183,534000
6184,397000
6185,264000
6186,659400
6187,336000
6188,918750
6189,815850
6190,478000
6191,318000
6192,265000
6193,208000
6194,729750
6195,260000
6196,1218000
6197,459000
6198,731850
6199,586950
6200,652050
6201,348000
6202,894600
6203,1848000
6204,253000
6205,784350
6206,607950
6207,384000
6208,254000
6209,464000
6210,472000
6211,662550
6212,253000
6213,595350
6214,208000
6215,346000
6216,409000
6217,527000
6218,481000
6219,300000
6220,984900
6221,706650
6222,618450
6223,248000
6224,299000
6225,451000
6226,625800
6227,358000
6228,424000
6229,397000
6230,381000
6231,679350
6232,616350
6233,222000
6234,340000
6235,620550
6236,343000
6237,353000
6238,400000
6239,646800
6240,526000
6241,851550
6242,751800
6243,619500
6244,384000
6245,733950
6246,412000
6247,2100000
6248,607950
6249,197000
6250,375000
6251,330000
6252,739200
6253,593250
6254,800100
6255,628950
6256,352000
6257,336000
6258,471000
6259,240000
6260,483000
6261,850500
6262,1260000
6263,484000
6264,315000
6265,165000
6266,641550
6267,362000
6268,267000
6269,297000
6270,215000
6271,1428000
6272,256000
6273,378000
6274,634200
6275,485000
6276,365000
6277,697200
6278,1044750
6279,373000
6280,367000
6281,249000
6282,567000
6283,260000
6284,675150
6285,787500
6286,371000
6287,182000
6288,279000
6289,309000
6290,531000
6291,1659000
6292,530000
6293,373000
6294,307000
6295,296000
6296,660450
6297,319000
6298,594300
6299,444000
6300,312000
6301,1102500
6302,198000
6303,346000
6304,898800
6305,401000
6306,439000
6307,388000
6308,237000
6309,237000
6310,237000
6311,233000
6312,240000
6313,362000
6314,289000
6315,916650
6316,761250
6317,488000
6318,380000
6319,632100
6320,783300
6321,244000
6322,738150
6323,402000
6324,911400
6325,373000
6326,500000
6327,866250
6328,262000
6329,584850
6330,347000
6331,918750
6332,292000
6333,1270500
6334,484000
6335,634200
6336,344000
6337,1375500
6338,248000
6339,877800
6340,401000
6341,414000
6342,596400
6343,820050
6344,279000
6345,479000
6346,206000
6347,395000
6348,2362500
6349,344000
6350,289000
6351,437000
6352,279000
6353,707700
6354,344000
6355,230000
6356,412000
6357,317000
6358,330000
6359,337000
6360,396000
6361,213000
6362,335000
6363,749700
6364,753900
6365,471000
6366,323000
6367,666750
6368,476000
6369,786450
6370,339000
6371,283000
6372,626850
6373,707700
6374,588000
6375,270000
6376,636300
6377,369000
6378,772800
6379,424000
6380,425000
6381,274000
6382,759150
6383,668850
6384,514000
6385,355000
6386,505000
6387,410000
6388,726600
6389,747600
6390,954450
6391,477000
6392,459000
6393,381000
6394,1155000
6395,633150
6396,312000
6397,655200
6398,1134000
6399,396000
6400,396000
6401,482000
6402,496000
6403,243000
6404,186000
6405,411000
6406,847350
6407,672000
6408,436000
6409,631050
6410,259000
6411,183000
6412,206000
6413,290000
6414,259000
6415,704550
6416,456000
6417,592200
6418,729750
6419,817950
6420,762300
6421,833700
6422,822150
6423,308000
6424,364000
6425,505000
6426,1260000
6427,422000
6428,421000
6429,581700
6430,247000
6431,378000
6432,726600
6433,435000
6434,275000
6435,483000
6436,962850
6437,185000
6438,495000
6439,338000
6440,280000
6441,378000
6442,531000
6443,476000
6444,474000
6445,817950
6446,433000
6447,838950
6448,414000
6449,926100
6450,499000
6451,305000
6452,488000
6453,591150
6454,428000
6455,474000
6456,762300
6457,210000
6458,468000
6459,2614500
6460,570150
6461,678300
6462,603750
6463,342000
6464,517000
6465,504000
6466,674100
6467,450000
6468,939750
6469,512000
6470,197000
6471,298000
6472,370000
6473,385000
6474,433000
6475,291000
6476,594300
6477,460000
6478,178000
6479,422000
6480,423000
6481,652050
6482,374000
6483,326000
6484,457000
6485,220000
